date,open,high,low,close,volume
2022-01-03,100.0,101.89686945420466,98.51773558107917,100.40854925504257,759759.0
2022-01-04,100.40854925504257,100.68140723243332,98.85574893291923,99.12511921801061,696618.0
2022-01-05,99.12511921801061,101.30190379572898,97.92549958478017,100.09059984349871,374529.0
2022-01-06,100.09059984349871,101.5281329294554,99.87296070553221,101.30784698331095,117789.0
2022-01-07,101.30784698331095,101.59129230096697,98.59489157201106,98.87152038544743,898616.0
2022-01-10,98.87152038544743,99.10143632251982,97.0596074881711,97.28583607328298,393892.0
2022-01-11,97.28583607328298,98.22655868204771,96.52654038104978,97.46585795650284,824505.0
2022-01-12,97.46585795650284,97.61075233968204,96.95706309767377,97.10141569485924,278028.0
2022-01-13,97.10141569485924,97.15227949490966,97.05311867756137,97.10398120156117,246169.0
2022-01-14,97.10398120156117,97.14578478194053,96.0474683752571,96.08883493185888,800336.0
2022-01-17,96.08883493185888,97.56675688762235,95.70889673740797,97.18249433043425,945758.0
2022-01-18,97.18249433043425,98.33201800712793,97.01502691671077,98.16286119959734,874567.0
2022-01-19,98.16286119959734,98.59632719649458,97.83483722883926,98.26795205098527,776121.0
2022-01-20,98.26795205098527,100.04037989434435,97.92972737886788,99.69723582555767,322012.0
2022-01-21,99.69723582555767,100.76037187352462,99.24968725305705,100.31007223118496,921889.0
2022-01-24,100.31007223118496,101.127066145566,98.44520558330795,99.25359482226035,701064.0
2022-01-25,99.25359482226035,100.22333821462296,98.77214068555789,99.73952694384879,254948.0
2022-01-26,99.73952694384879,100.18221866770418,98.12782933312084,98.56530931754759,216426.0
2022-01-27,98.56530931754759,100.35175987592153,97.9069993360929,99.68596512211609,884045.0
2022-01-28,99.68596512211609,99.78133667203613,99.55167001082886,99.64700428614051,347637.0
2022-01-31,99.64700428614051,100.34643726750167,98.74089287262396,99.43886490138084,789303.0
2022-02-01,99.43886490138084,99.65889114572526,98.39471481989283,98.61291349927866,224789.0
2022-02-02,98.61291349927866,100.89615110456229,97.8954820815272,100.16741036785113,352485.0
2022-02-03,100.16741036785113,100.23326333669866,99.93065059848087,99.99639113431033,355168.0
2022-02-04,99.99639113431033,100.12550088640597,99.35345955038763,99.48190502677244,352993.0
2022-02-07,99.48190502677244,100.26021067489965,98.29007377402779,99.06511865643071,707262.0
2022-02-08,99.06511865643071,99.9359196504963,98.88592448005872,99.75547671829607,922950.0
2022-02-09,99.75547671829607,100.71137877256425,99.28606630165048,100.23968983759013,919294.0
2022-02-10,100.23968983759013,101.01232745760686,100.0148701521651,100.78628186408443,767395.0
2022-02-11,100.78628186408443,101.58819114170616,100.55833657885336,101.35895066876095,282270.0
2022-02-14,101.35895066876095,104.97128237848861,100.5654321859794,104.15586740692251,964522.0
2022-02-15,104.15586740692251,104.48784908098402,103.31822667075241,103.6485914765879,587871.0
2022-02-16,103.6485914765879,103.92780591758321,102.7288714402301,103.00635579039105,591370.0
2022-02-17,103.00635579039105,103.59751578695224,101.3946796229226,101.97994900597268,731251.0
2022-02-18,101.97994900597268,104.02956466550509,100.75911628696882,102.79892770554646,792185.0
2022-02-21,102.79892770554646,104.70656792092014,102.39463711429352,104.29638807428904,957630.0
2022-02-22,104.29638807428904,105.17585075816926,103.29315693847455,104.1715670892756,624141.0
2022-02-23,104.1715670892756,104.60191518070793,102.67335496360924,103.09927325121355,649054.0
2022-02-24,103.09927325121355,103.22694412328075,101.93178891544545,102.05817055933099,770975.0
2022-02-25,102.05817055933099,103.0148833235275,101.96671285178637,102.922650926488,329596.0
2022-02-28,102.922650926488,104.04734624137215,102.79225947108081,103.91569670833466,376941.0
2022-03-01,103.91569670833466,104.73745239493985,103.83298767426024,104.65415560344424,662930.0
2022-03-02,104.65415560344424,104.760582726353,103.69948614860063,103.80504978081255,157715.0
2022-03-03,103.80504978081255,104.65902448966742,103.28159411061431,104.13391048012899,388442.0
2022-03-04,104.13391048012899,104.68060815893683,103.76587539398753,104.311943858647,746196.0
2022-03-07,104.311943858647,104.97130586800199,103.96632398114757,104.62464989226649,978515.0
2022-03-08,104.62464989226649,106.0085326154663,104.42322759515395,105.80483823193198,567546.0
2022-03-09,105.80483823193198,106.42390103674727,105.51041857752719,106.12858051530483,459708.0
2022-03-10,106.12858051530483,107.22441533080939,105.9712884069798,107.06573427626299,496338.0
2022-03-11,107.06573427626299,108.27306787582381,105.97630118894838,107.18244719181658,716884.0
2022-03-14,107.18244719181658,107.64604995040507,107.13577235986882,107.59919363752618,590027.0
2022-03-15,107.59919363752618,108.65078931893296,107.43398410416411,108.48422090046978,120904.0
2022-03-16,108.48422090046978,108.8929501628802,106.13476315068195,106.53615279787378,585315.0
2022-03-17,106.53615279787378,107.0860192658749,105.58542363373965,106.13321038970905,460055.0
2022-03-18,106.13321038970905,106.79360931999665,104.87458054858041,105.53123376423201,730721.0
2022-03-21,105.53123376423201,106.00021314938998,104.24480885062475,104.71013930302759,887596.0
2022-03-22,104.71013930302759,104.74714406607148,104.33575568223009,104.37264117279072,966203.0
2022-03-23,104.37264117279072,106.5602176238691,104.1981848453282,106.38240203008638,649204.0
2022-03-24,106.38240203008638,106.40960510525409,105.22638473345229,105.25329908537546,426305.0
2022-03-25,105.25329908537546,106.9784532418913,104.85042351779688,106.57053571875485,499548.0
2022-03-28,106.57053571875485,107.05020147492166,103.88992443174863,104.35963911292939,258815.0
2022-03-29,104.35963911292939,104.74546331111365,103.56071180475878,103.94500306721007,942343.0
2022-03-30,103.94500306721007,104.26632642805967,103.8620298481868,104.18316309980588,862580.0
2022-03-31,104.18316309980588,105.32318756203567,103.84304875385538,104.98047034223097,868585.0
2022-04-01,104.98047034223097,106.24114156268239,104.69259923684335,105.95061019837368,395311.0
2022-04-04,105.95061019837368,107.14100829732615,105.85103061689703,107.040404453171,389994.0
2022-04-05,107.040404453171,107.81544509090824,105.82470198232339,106.59652867700433,870952.0
2022-04-06,106.59652867700433,106.6327609735369,105.96660510753446,106.00263553902928,590093.0
2022-04-07,106.00263553902928,107.32062553195951,105.86375310560182,107.18020027786896,734190.0
2022-04-08,107.18020027786896,107.66234761489252,106.46654426678154,106.94764546202818,540841.0
2022-04-11,106.94764546202818,107.0491619813806,105.16764652753464,105.26756828913344,498493.0
2022-04-12,105.26756828913344,106.03329641571064,103.0448879752266,103.79994041162284,668982.0
2022-04-13,103.79994041162284,104.49342059942335,101.94323452729823,102.6288910154709,831682.0
2022-04-14,102.6288910154709,103.94288619511588,101.98851240042379,103.29833044543565,400700.0
2022-04-15,103.29833044543565,103.63918531345192,103.16790735022552,103.50849686492174,828230.0
2022-04-18,103.50849686492174,104.6275310445365,103.32039380397795,104.43773929762736,319784.0
2022-04-19,104.43773929762736,105.69617330758652,102.64983341728795,103.90180968451328,462544.0
2022-04-20,103.90180968451328,104.73642030557653,103.30107661188318,104.13434278739915,921404.0
2022-04-21,104.13434278739915,105.137543738324,103.98138041352499,104.9833342854223,959007.0
2022-04-22,104.9833342854223,105.54611478235678,104.0391454226267,104.5998702975415,931487.0
2022-04-25,104.5998702975415,105.6044860583377,104.22624140042056,105.22861130938006,384439.0
2022-04-26,105.22861130938006,106.27947501089832,103.3371727887938,104.37955742845814,858990.0
2022-04-27,104.37955742845814,104.99363004684734,103.31653652775879,103.92795232005842,942478.0
2022-04-28,103.92795232005842,104.36313160370624,103.02075104277091,103.45394550963363,980383.0
2022-04-29,103.45394550963363,103.57573582296097,101.81124292009068,101.93124064153496,118813.0
2022-05-02,101.93124064153496,103.40932628359378,101.11012530236407,102.58296095878576,770492.0
2022-05-03,102.58296095878576,103.20993484068728,101.37894256188514,102.00236793378767,997071.0
2022-05-04,102.00236793378767,102.16978011035303,101.87535656290589,102.04271849573384,788200.0
2022-05-05,102.04271849573384,103.62221614304075,101.11346706608322,102.68709668709306,309857.0
2022-05-06,102.68709668709306,104.14406760473037,101.83902493032868,103.29100826559359,786331.0
2022-05-09,103.29100826559359,104.85268930621187,102.62939361542804,104.18534611266432,194719.0
2022-05-10,104.18534611266432,104.406014117213,103.86048442742226,104.08093127790184,532546.0
2022-05-11,104.08093127790184,104.35184791201422,103.28245164019613,103.55199147464513,663604.0
2022-05-12,103.55199147464513,103.97272388275388,103.05226399634562,103.47267413760326,510806.0
2022-05-13,103.47267413760326,103.5977000248093,101.19792070402092,101.32034593607624,729850.0
2022-05-16,101.32034593607624,102.21954478560798,98.63034819101377,99.51351172972383,316203.0
2022-05-17,99.51351172972383,99.7699632255973,97.63994667655835,97.89222001936353,645598.0
2022-05-18,97.89222001936353,98.17490283851731,96.4137833344188,96.69300318178222,680337.0
2022-05-19,96.69300318178222,97.82379403192849,96.07685253776866,97.20438474387191,670416.0
2022-05-20,97.20438474387191,97.50940604563327,95.8230327159277,96.12466592732846,360388.0
2022-05-23,96.12466592732846,96.43063808439064,95.38596918752944,95.69055955082273,374843.0
2022-05-24,95.69055955082273,97.556186601915,95.43165361768011,97.29294516123991,332027.0
2022-05-25,97.29294516123991,97.66408198328025,96.51072527708868,96.88028796360801,515599.0
2022-05-26,96.88028796360801,98.02710090372626,96.66322798653577,97.80796247486187,627365.0
2022-05-27,97.80796247486187,98.63228667069438,95.87237738899309,96.6872562881158,426282.0
2022-05-30,96.6872562881158,96.94736165704168,96.20079635878203,96.46029115240954,468984.0
2022-05-31,96.46029115240954,96.95913943143852,94.84229091168208,95.33532136416167,357770.0
2022-06-01,95.33532136416167,95.44747198269955,94.83987871361789,94.95157790380979,296970.0
2022-06-02,94.95157790380979,96.66829626355083,94.27564874802414,95.9850104403207,691694.0
2022-06-03,95.9850104403207,96.19921162027904,93.73145547281617,93.94109543009068,834450.0
2022-06-06,93.94109543009068,94.86019195158184,93.56223150687396,94.47915802486813,361633.0
2022-06-07,94.47915802486813,95.39300365580567,93.87324681581745,94.78513019422284,874512.0
2022-06-08,94.78513019422284,95.12342786708155,93.76480447253934,94.10065919950371,613880.0
2022-06-09,94.10065919950371,94.21435374341237,92.31213234108405,92.42380086684413,250929.0
2022-06-10,92.42380086684413,92.81391305991191,92.14007051870014,92.5298571313377,429399.0
2022-06-13,92.5298571313377,93.2012439891974,91.26945179509318,91.93653355986513,106756.0
2022-06-14,91.93653355986513,92.43159568350195,91.73397327914572,92.2283923613444,135252.0
2022-06-15,92.2283923613444,92.29056896411352,92.2135861655804,92.27575516480225,402516.0
2022-06-16,92.27575516480225,94.30589578259992,92.15168420750967,94.17926542776982,509016.0
2022-06-17,94.17926542776982,94.47106384020405,93.62705618096521,93.91804524716329,817759.0
2022-06-20,93.91804524716329,94.13928624576886,92.51837943246113,92.73683788276972,220872.0
2022-06-21,92.73683788276972,93.21664019672146,92.48948446358372,92.9686684248015,855256.0
2022-06-22,92.9686684248015,93.44083050004677,92.77732109135621,93.24890638318641,311070.0
2022-06-23,93.24890638318641,95.52850531294685,92.61358170342261,94.88205365265081,224496.0
2022-06-24,94.88205365265081,96.40745469711818,94.38838894432739,95.9084497216261,729903.0
2022-06-27,95.9084497216261,97.52610136520924,94.7514196163347,96.36358060569246,796902.0
2022-06-28,96.36358060569246,98.97078777460673,95.58740232084486,98.17997897312027,644421.0
2022-06-29,98.17997897312027,99.43144379703298,95.5103699830397,96.74352484362764,204133.0
2022-06-30,96.74352484362764,96.93956072987943,95.79523880162783,95.98974727346875,203810.0
2022-07-01,95.98974727346875,96.9193302436126,93.97928026491127,94.89829338803064,451056.0
2022-07-04,94.89829338803064,95.04561538535727,94.30922862683887,94.45586378765795,505540.0
2022-07-05,94.45586378765795,94.59104096747322,92.72091022043459,92.85379465548556,998748.0
2022-07-06,92.85379465548556,93.71099915029643,92.76561890881325,93.62209381198984,357827.0
2022-07-07,93.62209381198984,94.14328241053961,92.86271870991753,93.38257391552467,273331.0
2022-07-08,93.38257391552467,93.65317847165404,91.42421870689768,91.6899182758453,951311.0
2022-07-11,91.6899182758453,91.93037846772059,90.30830708592642,90.54576669809684,238567.0
2022-07-12,90.54576669809684,91.60516728265065,89.86920618507442,90.92576739375262,123762.0
2022-07-13,90.92576739375262,92.2341834460056,90.60789239680982,91.91285759783986,480520.0
2022-07-14,91.91285759783986,95.24443447734143,90.96951688564577,94.2768312985812,460973.0
2022-07-15,94.2768312985812,97.90956161120889,94.19577192232512,97.82545112572697,657701.0
2022-07-18,97.82545112572697,98.52685474642601,97.66045619494992,98.36095661826367,889961.0
2022-07-19,98.36095661826367,98.43079447832363,97.09644486547886,97.16543388518384,939610.0
2022-07-20,97.16543388518384,97.46434233875033,94.32165864525115,94.61271420854149,360675.0
2022-07-21,94.61271420854149,95.77665223461901,93.79399651853804,94.9549728579839,982739.0
2022-07-22,94.9549728579839,95.03302143168048,93.93250739749458,94.00977906583144,669394.0
2022-07-25,94.00977906583144,94.1933162139423,93.35875637166615,93.54137905318267,162676.0
2022-07-26,93.54137905318267,94.40561955298705,91.98708852170039,92.84489411000904,944601.0
2022-07-27,92.84489411000904,92.9257493551439,92.62169016405605,92.70242133482718,224197.0
2022-07-28,92.70242133482718,94.76191927902939,91.92933523450148,93.97819395198982,629736.0
2022-07-29,93.97819395198982,94.70653721304515,93.45955616514551,94.18674847562365,811664.0
2022-08-01,94.18674847562365,94.46330863279195,93.74500339163949,94.02107708860426,324494.0
2022-08-02,94.02107708860426,94.17122887272444,92.67611571812598,92.82435633762843,343568.0
2022-08-03,92.82435633762843,93.22770009467861,90.51299531377859,90.90801210241088,528559.0
2022-08-04,90.90801210241088,90.98864574309255,90.29408519420632,90.37424539418718,896364.0
2022-08-05,90.37424539418718,90.92214776871167,89.78687290732948,90.33453453100577,301242.0
2022-08-08,90.33453453100577,92.54077863155626,90.18828666654711,92.39120110921507,697107.0
2022-08-09,92.39120110921507,93.34808704851042,91.60958880227146,92.56500439820047,507332.0
2022-08-10,92.56500439820047,93.74875713324134,92.55687588264982,93.74052539033467,200660.0
2022-08-11,93.74052539033467,94.16349346548577,92.75446434483327,93.17488016340316,739789.0
2022-08-12,93.17488016340316,93.33436804307834,91.6589107039303,91.81607270650419,849276.0
2022-08-15,91.81607270650419,91.85352804947105,90.69099883517896,90.7280103152269,618070.0
2022-08-16,90.7280103152269,91.50176247447114,89.15731592886894,89.92421309556848,258720.0
2022-08-17,89.92421309556848,93.13661270359636,89.19777907159495,92.3902572555617,240153.0
2022-08-18,92.3902572555617,92.61294865030459,91.24040937644556,91.46086061470041,481145.0
2022-08-19,91.46086061470041,92.69581984113653,91.22181910564504,92.454182193279,555776.0
2022-08-22,92.454182193279,93.63978889656829,90.25769175915562,91.43016677367812,596966.0
2022-08-23,91.43016677367812,92.8947218441305,91.07137466788608,92.53160744263491,319290.0
2022-08-24,92.53160744263491,93.13026686823899,92.40559338626349,93.00361001574096,550689.0
2022-08-25,93.00361001574096,93.33557469441467,92.51096642727126,92.84235552835092,365571.0
2022-08-26,92.84235552835092,93.45364362147865,92.20566456600511,92.81678429426493,717546.0
2022-08-29,92.81678429426493,93.20466930038319,91.69136768036977,92.07615757820048,816826.0
2022-08-30,92.07615757820048,92.77890901459277,91.91532326333589,92.6171297548946,687418.0
2022-08-31,92.6171297548946,93.7204786787429,91.01236835849637,92.10967193150277,101122.0
2022-09-01,92.10967193150277,92.30318910139233,90.5293143962862,90.71991175927911,992837.0
2022-09-02,90.71991175927911,90.89577373309955,89.1191345818792,89.29222897018934,121390.0
2022-09-05,89.29222897018934,89.58261325296965,89.21770213540547,89.50790640524676,999479.0
2022-09-06,89.50790640524676,91.7011847562627,89.14236691586939,91.32821136109095,128597.0
2022-09-07,91.32821136109095,91.8203626397043,91.04277179419954,91.5342790235815,564813.0
2022-09-08,91.5342790235815,92.10715775455552,90.84716933106388,91.41932863062988,195373.0
2022-09-09,91.41932863062988,92.01018877426529,91.18103367452197,91.77097720584953,185679.0
2022-09-12,91.77097720584953,93.51884219777152,91.57118835947554,93.31569045294083,715056.0
2022-09-13,93.31569045294083,93.82046150233698,93.0921512369816,93.59625020105301,755058.0
2022-09-14,93.59625020105301,93.96633057982747,92.76685157501234,93.13510859591153,206413.0
2022-09-15,93.13510859591153,95.17251478617483,92.43735226483966,94.46479660248983,978997.0
2022-09-16,94.46479660248983,95.21702270959919,94.24807523319815,94.99907559612294,388415.0
2022-09-19,94.99907559612294,97.08390255758461,94.79731003873363,96.87814610127899,386493.0
2022-09-20,96.87814610127899,97.27769753803626,96.72601000537327,97.12517351371096,367279.0
2022-09-21,97.12517351371096,97.24452165536968,95.54355984997233,95.66110893809994,515087.0
2022-09-22,95.66110893809994,96.11648147923961,93.60100361415218,94.04870065933106,260050.0
2022-09-23,94.04870065933106,97.12963691498331,92.98981701754651,96.04824067915712,482299.0
2022-09-26,96.04824067915712,98.58605485490122,95.65122285257239,98.18022441972512,288983.0
2022-09-27,98.18022441972512,98.56431347601509,97.59843186100034,97.98174444742887,146277.0
2022-09-28,97.98174444742887,99.11850709659224,96.40151942110167,97.5330767260406,431863.0
2022-09-29,97.5330767260406,99.84797242618811,97.06314361438669,99.36919255552615,705037.0
2022-09-30,99.36919255552615,99.82388417699546,97.5676985059641,98.01619912637648,786780.0
2022-10-03,98.01619912637648,98.11475669568927,96.84311784912661,96.94059387232434,418003.0
2022-10-04,96.94059387232434,98.29675452484229,96.40113599983842,97.75277699180752,391371.0
2022-10-05,97.75277699180752,97.87255378773408,97.17195014127121,97.29116131800967,808717.0
2022-10-06,97.29116131800967,97.8095815611721,96.78971599827108,97.30804920013051,713069.0
2022-10-07,97.30804920013051,97.33575987662341,97.10334331494444,97.13100357367517,848908.0
2022-10-10,97.13100357367517,98.08004302820875,96.62146713980705,97.5682130510869,915491.0
2022-10-11,97.5682130510869,99.82217777273738,97.09210026258798,99.33743156222057,839107.0
2022-10-12,99.33743156222057,99.92744309181678,98.88516071115146,99.47454796697595,942837.0
2022-10-13,99.47454796697595,100.58887106052737,99.1967409407698,100.30873436460006,474999.0
2022-10-14,100.30873436460006,100.4198444015251,97.66593547449523,97.77423809913033,455204.0
2022-10-17,97.77423809913033,98.09077471070516,97.42109361036458,97.73751132180915,389391.0
2022-10-18,97.73751132180915,97.74418033914716,96.72110059373819,96.72770070770017,311700.0
2022-10-19,96.72770070770017,97.06705226444957,94.94215666204416,95.27641665247053,773938.0
2022-10-20,95.27641665247053,95.76950932077648,93.7627730840073,94.2505565254857,743006.0
2022-10-21,94.2505565254857,94.25625145079677,93.87131374117538,93.8769860941454,821250.0
2022-10-24,93.8769860941454,95.08921392433564,93.77809137640267,94.98914759997473,250651.0
2022-10-25,94.98914759997473,95.56662981225072,92.86917267164009,93.4372200105619,542131.0
2022-10-26,93.4372200105619,94.22643561544824,92.70678484557855,93.49554450515927,299763.0
2022-10-27,93.49554450515927,93.81611690239373,92.63039057479003,92.94908931643204,903727.0
2022-10-28,92.94908931643204,93.112192838035,92.42573115063628,92.58820139986909,340670.0
2022-10-31,92.58820139986909,94.26705432687254,92.1149459368477,93.787667909047,229517.0
2022-11-01,93.787667909047,94.49357726744223,93.74256591806694,94.4481576504563,612877.0
2022-11-02,94.4481576504563,96.61780720084265,93.91546113609823,96.07592989753371,891161.0
2022-11-03,96.07592989753371,97.17154994426674,94.8181751655201,95.91192495080901,924157.0
2022-11-04,95.91192495080901,96.62965243933142,94.38564834996053,95.09727969040664,186485.0
2022-11-07,95.09727969040664,95.53609964084363,94.41434223755961,94.8520305022434,393304.0
2022-11-08,94.8520305022434,95.86018339292619,94.15905159006644,95.164918553707,238172.0
2022-11-09,95.164918553707,95.53436439982367,95.03045671763773,95.39957101509893,377079.0
2022-11-10,95.39957101509893,95.76557969296138,93.76636472328842,94.12749296405197,580456.0
2022-11-11,94.12749296405197,94.79464755457053,93.59089051958726,94.25730507661795,352514.0
2022-11-14,94.25730507661795,95.08050019721327,93.72968290392,94.55123271185342,160766.0
2022-11-15,94.55123271185342,97.84001895673738,94.33952601714637,97.62143786213309,559026.0
2022-11-16,97.62143786213309,100.01023827119738,97.59299374225124,99.98110661072775,147526.0
2022-11-17,99.98110661072775,100.25542418247925,98.6641845531146,98.9356336669244,304026.0
2022-11-18,98.9356336669244,99.02847040896643,98.50901663511026,98.60153987859069,100466.0
2022-11-21,98.60153987859069,98.73866687727066,96.68861414379286,96.82326806673085,178139.0
2022-11-22,96.82326806673085,96.89981609945201,96.0522501954998,96.1282487491285,492684.0
2022-11-23,96.1282487491285,96.90962700745355,95.75442166389392,96.53422116170213,865642.0
2022-11-24,96.53422116170213,98.43091329582313,96.14470158185938,98.03533665281296,797161.0
2022-11-25,98.03533665281296,98.82936013433626,96.37512761949723,97.16207826700536,188947.0
2022-11-28,97.16207826700536,98.25382468331041,95.30451358826187,96.38755722060175,131354.0
2022-11-29,96.38755722060175,96.87033617978479,93.3672463692271,93.83725154353712,404278.0
2022-11-30,93.83725154353712,94.39451583524207,93.11118188156829,93.66743771253189,687031.0
2022-12-01,93.66743771253189,94.1454334280731,91.97229255195236,92.44404515446023,772059.0
2022-12-02,92.44404515446023,93.30369869597307,90.99719167762393,91.85133348842494,840814.0
2022-12-05,91.85133348842494,91.89681589028145,90.81883706575852,90.86383048169743,407984.0
2022-12-06,90.86383048169743,91.28672811572243,90.35509981858952,90.77759610132614,251200.0
2022-12-07,90.77759610132614,91.59350264888363,88.01231141611308,88.81053810023016,123713.0
2022-12-08,88.81053810023016,89.03980142622102,86.97976906069027,87.20488741893917,232177.0
2022-12-09,87.20488741893917,89.76375938288535,87.0428098555517,89.5972354409787,158645.0
2022-12-12,89.5972354409787,89.99734561388713,87.78291629249966,88.17668276995778,874720.0
2022-12-13,88.17668276995778,88.18173145452252,86.9823477006963,86.98732828703562,341571.0
2022-12-14,86.98732828703562,89.17838518580811,86.85716710182767,89.04514484129136,840812.0
2022-12-15,89.04514484129136,92.85549720177748,88.59321049784452,92.38660381949522,597843.0
2022-12-16,92.38660381949522,93.3329917026915,90.12189331046731,91.05463681906917,585047.0
2022-12-19,91.05463681906917,91.86737612162695,89.84557914893688,90.6547491170445,509313.0
2022-12-20,90.6547491170445,91.58465976054367,90.13980807508217,91.06737490367284,837279.0
2022-12-21,91.06737490367284,93.52333144582089,90.64807776163543,93.09469998823046,139104.0
2022-12-22,93.09469998823046,93.49268882562843,91.57312727195173,91.96629205641274,183480.0
2022-12-23,91.96629205641274,92.26041240232712,91.41108462250908,91.70436729846104,481049.0
2022-12-26,91.70436729846104,92.83390381055318,91.50145046611937,92.62894114765544,455033.0
2022-12-27,92.62894114765544,93.74198347602831,92.0501652952791,93.1598900814463,591037.0
2022-12-28,93.1598900814463,93.4558456105957,92.44689085302008,92.74151727211945,764017.0
2022-12-29,92.74151727211945,93.08466748750861,92.26467882421127,92.60733254656441,628790.0
2022-12-30,92.60733254656441,92.90224350649063,90.74875437060841,91.0386698749745,331706.0
2023-01-02,91.0386698749745,91.19379585742116,90.63281442778566,90.78751244876779,394562.0
2023-01-03,90.78751244876779,91.59716053698122,89.69774387548813,90.50487135469606,777096.0
2023-01-04,90.50487135469606,90.82956653995838,90.46703078042815,90.791606080357,281320.0
2023-01-05,90.791606080357,91.04409388652147,89.92928446846103,90.18007162188368,553760.0
2023-01-06,90.18007162188368,91.31966983869872,89.6029908757607,90.73901231660575,584912.0
2023-01-09,90.73901231660575,92.69906890900461,89.9759804219407,91.9260550731606,775239.0
2023-01-10,91.9260550731606,92.92462198676358,91.13135646852311,92.12817605098135,742919.0
2023-01-11,92.12817605098135,93.18844640381363,91.50206347720058,92.5594031661412,518211.0
2023-01-12,92.5594031661412,92.76168506320717,92.44129115842034,92.64346578594417,378248.0
2023-01-13,92.64346578594417,93.29140751133924,92.0178328250311,92.66562490709774,431113.0
2023-01-16,92.66562490709774,92.67120948466066,91.8433706970844,91.84890605434816,470431.0
2023-01-17,91.84890605434816,92.33136708993925,91.75577251417886,92.23783917687922,297270.0
2023-01-18,92.23783917687922,92.74213635894517,91.64299060693429,92.1467899906078,662866.0
2023-01-19,92.1467899906078,94.81952757524215,91.96388261878904,94.63168778933007,287541.0
2023-01-20,94.63168778933007,96.57836717875844,94.60311567770243,96.54921610849163,683809.0
2023-01-23,96.54921610849163,97.67487250540621,95.92036590477946,97.04280741290631,776341.0
2023-01-24,97.04280741290631,97.06764897021688,96.11262245072206,96.13723219385389,965654.0
2023-01-25,96.13723219385389,96.17555709181998,94.78403363141032,94.82183414881426,207019.0
2023-01-26,94.82183414881426,97.1438085072394,93.96959391473462,96.27847625672537,783758.0
2023-01-27,96.27847625672537,97.05271767529379,95.84800877313674,96.62071999713379,177384.0
2023-01-30,96.62071999713379,97.23568464012264,96.61519066430529,97.23012043301628,403522.0
2023-01-31,97.23012043301628,97.35106853348711,95.02064762249573,95.13899449498366,258662.0
2023-02-01,95.13899449498366,96.30138313969321,95.11796288899833,96.28009927892707,246055.0
2023-02-02,96.28009927892707,96.95422433241868,96.18241638592107,96.85595719129432,257811.0
2023-02-03,96.85595719129432,97.380154802759,95.01607106444479,95.53310924292282,139544.0
2023-02-06,95.53310924292282,95.60526152054668,94.91813444141486,94.98987643736244,840796.0
2023-02-07,94.98987643736244,95.68432501272851,94.63551753131468,95.32870212042354,155015.0
2023-02-08,95.32870212042354,96.01094296828144,94.73274733259083,95.41445210774071,458655.0
2023-02-09,95.41445210774071,95.6583418544436,94.84346155067199,95.08651304937247,729246.0
2023-02-10,95.08651304937247,95.27253301033497,94.79940824410747,94.98523006280348,991349.0
2023-02-13,94.98523006280348,95.83378418291467,93.86064706679194,94.70671304466133,868334.0
2023-02-14,94.70671304466133,94.96974075593896,94.64861775087013,94.91151982891733,223490.0
2023-02-15,94.91151982891733,97.19199907496603,94.43900216975973,96.71052505582009,988964.0
2023-02-16,96.71052505582009,97.22271547552134,93.15951924299311,93.65553004651404,688185.0
2023-02-17,93.65553004651404,94.13590651282233,92.91965137887824,93.39871057078568,261611.0
2023-02-20,93.39871057078568,93.6471531415191,93.38053835404183,93.628936130701,503856.0
2023-02-21,93.628936130701,94.39830116154089,93.23333265550116,94.00112510357778,926093.0
2023-02-22,94.00112510357778,94.51046964880321,93.076890945041,93.58397516577428,453626.0
2023-02-23,93.58397516577428,93.7452226500151,91.39951150315028,91.55726691938007,265274.0
2023-02-24,91.55726691938007,92.1326787687462,91.38363770266226,91.95828905358418,887575.0
2023-02-27,91.95828905358418,94.60892209351012,91.36638522124093,94.0038516791239,957678.0
2023-02-28,94.0038516791239,94.52086329862796,91.71940183704102,92.22663896745927,978036.0
2023-03-01,92.22663896745927,93.31970115562474,92.165663944624,93.25804422613102,960139.0
2023-03-02,93.25804422613102,93.83820526051711,92.31705716711048,92.89495944037174,885573.0
2023-03-03,92.89495944037174,93.04317641230415,92.69718082894819,92.84531859727804,509040.0
2023-03-06,92.84531859727804,92.9461630947353,91.544110872584,91.6436501707009,273070.0
2023-03-07,91.6436501707009,91.73624840193003,91.18779897141489,91.28002979471567,655440.0
2023-03-08,91.28002979471567,93.0776837469622,91.01627883769808,92.8095133921478,298718.0
2023-03-09,92.8095133921478,93.63381936171177,92.6921628090397,93.5155760160237,525839.0
2023-03-10,93.5155760160237,95.84265152962767,93.27993652364496,95.60175530623256,690466.0
2023-03-13,95.60175530623256,97.35836755347889,95.30153420597028,97.05358722129101,951921.0
2023-03-14,97.05358722129101,97.76722438125886,96.90244914719408,97.61521170946864,360175.0
2023-03-15,97.61521170946864,100.00807068928245,97.4190087553939,99.80746139467149,326722.0
2023-03-16,99.80746139467149,100.50742555387757,99.68564419777536,100.38490357612706,761252.0
2023-03-17,100.38490357612706,101.60032021448745,100.24777577867395,101.46172146214265,105813.0
2023-03-20,101.46172146214265,102.03976360181586,100.5313697582921,101.10739323869682,609778.0
2023-03-21,101.10739323869682,101.4598405301253,100.86410806093035,101.21629331637997,771324.0
2023-03-22,101.21629331637997,101.94392557875052,99.63328313365768,100.35472165670643,595817.0
2023-03-23,100.35472165670643,102.22848828258358,99.77162082648938,101.63793149305971,445559.0
2023-03-24,101.63793149305971,102.71359339245444,99.10401930116093,100.16408306135529,845692.0
2023-03-27,100.16408306135529,102.12224917508904,99.23163299847147,101.1803385603291,433931.0
2023-03-28,101.1803385603291,101.1950653315796,100.9469379887379,100.96163292744195,739479.0
2023-03-29,100.96163292744195,102.50274397370382,100.94602563306269,102.48690089365562,517727.0
2023-03-30,102.48690089365562,103.54652524586304,102.42663303323576,103.48567005496602,123919.0
2023-03-31,103.48567005496602,106.555057721914,102.85741381486308,105.91207092552139,577464.0
2023-04-03,105.91207092552139,108.34600765790942,104.49664377526652,106.91714847820086,144513.0
2023-04-04,106.91714847820086,107.1288090824012,104.63779752917975,104.84535667059309,937862.0
2023-04-05,104.84535667059309,105.66390439652902,103.96384648831109,104.78189878642428,641402.0
2023-04-06,104.78189878642428,105.37275383622509,102.6883183964602,103.27065166911149,434829.0
2023-04-07,103.27065166911149,103.46676599901505,102.42806762904392,102.62295195610407,537572.0
2023-04-10,102.62295195610407,105.01432680229578,102.23663200085461,104.62048720632498,657261.0
2023-04-11,104.62048720632498,105.96103401143235,104.15265261096658,105.48931425589141,334166.0
2023-04-12,105.48931425589141,105.66140003177959,104.41876687017233,104.5893845817612,359554.0
2023-04-13,104.5893845817612,105.3358836183616,102.5494886180335,103.28668976624249,476790.0
2023-04-14,103.28668976624249,104.30346871278745,102.33780182858395,103.3539627427754,332714.0
2023-04-17,103.3539627427754,103.52756599351858,101.63514574177263,101.80614913599797,782119.0
2023-04-18,101.80614913599797,102.7758833573285,100.01118922737642,100.97298733168051,193433.0
2023-04-19,100.97298733168051,101.41286334543648,100.95502601588115,101.3948269917923,843950.0
2023-04-20,101.3948269917923,103.80830407106475,100.50575100054522,102.90597762330529,413674.0
2023-04-21,102.90597762330529,103.77134636841512,102.85797267953765,103.72296030774125,605100.0
2023-04-24,103.72296030774125,103.79092883618627,100.72948512723698,100.79553534592496,241980.0
2023-04-25,100.79553534592496,101.39183069622514,100.61134437029844,101.20688802607938,446832.0
2023-04-26,101.20688802607938,102.93335378744274,99.59827858418417,101.32290041352412,779137.0
2023-04-27,101.32290041352412,102.31051653388134,100.89162679590677,101.8768849211638,343627.0
2023-04-28,101.8768849211638,104.36512641810285,101.51661538553037,103.9973582047684,219048.0
2023-05-01,103.9973582047684,104.50122429784209,100.86192162696138,101.3529757150313,569726.0
2023-05-02,101.3529757150313,101.5363397367514,100.44289169370983,100.62493857780765,246241.0
2023-05-03,100.62493857780765,101.6493045132191,100.37853316744314,101.40099872485978,383274.0
2023-05-04,101.40099872485978,101.8616641515389,98.97244337409587,99.42412786300795,505414.0
2023-05-05,99.42412786300795,101.33010366311424,99.40867457574167,101.31435658149428,607685.0
2023-05-08,101.31435658149428,101.9516812057244,101.17323788380496,101.80987231429297,675438.0
2023-05-09,101.80987231429297,102.93328413641936,101.80275314603101,102.92608691561315,708987.0
2023-05-10,102.92608691561315,103.09930283632976,102.0406920888314,102.21270745209657,859858.0
2023-05-11,102.21270745209657,103.51009439926301,101.99552287733778,103.29061944531644,159471.0
2023-05-12,103.29061944531644,105.72954506560058,102.29026687369524,104.71539379001813,426091.0
2023-05-15,104.71539379001813,105.39819796401842,104.36639169260256,105.04808704544737,100960.0
2023-05-16,105.04808704544737,105.901304204887,104.53229073797411,105.3838592234167,108498.0
2023-05-17,105.3838592234167,106.53133882915726,104.62388397811746,105.76858910597284,291049.0
2023-05-18,105.76858910597284,105.79947948022712,104.61871490521084,104.64927837780564,638328.0
2023-05-19,104.64927837780564,104.69322113477716,104.43595040014948,104.47982200153851,905060.0
2023-05-22,104.47982200153851,104.84210900469591,103.9423997523747,104.30407735555521,796187.0
2023-05-23,104.30407735555521,105.2696768119785,103.87067729971955,104.83407453344633,681661.0
2023-05-24,104.83407453344633,106.9008760015875,104.13054607630498,106.18825977543385,800347.0
2023-05-25,106.18825977543385,106.40432301797709,104.59320178309245,104.80645343838131,254764.0
2023-05-26,104.80645343838131,105.11294635733216,104.36035094528512,104.66643439665646,855851.0
2023-05-29,104.66643439665646,106.68857408384495,104.64205377928299,106.66372822413406,901237.0
2023-05-30,106.66372822413406,106.81245174547921,105.54692371577904,105.69429553635925,185548.0
2023-05-31,105.69429553635925,106.22693821279188,104.10265046613043,104.62992930646841,522960.0
2023-06-01,104.62992930646841,105.30189627377487,104.25102107976768,104.92193058971789,847033.0
2023-06-02,104.92193058971789,106.10273961407172,104.88887893913089,106.06932652017953,528482.0
2023-06-05,106.06932652017953,107.11362879104443,105.06593919567368,106.10985804916653,856425.0
2023-06-06,106.10985804916653,108.98406686157452,105.07072875058233,107.92714098893723,941987.0
2023-06-07,107.92714098893723,109.13118147069244,107.92049305861289,109.12445978976291,527197.0
2023-06-08,109.12445978976291,110.43612744305834,109.00389509383976,110.31424822533849,153538.0
2023-06-09,110.31424822533849,111.17097914084151,110.25720466493667,111.11352227537452,406047.0
2023-06-12,111.11352227537452,114.46350885054967,111.09797612883958,114.44749624010701,293660.0
2023-06-13,114.44749624010701,114.57657003452832,114.05046603813194,114.17923729032495,526703.0
2023-06-14,114.17923729032495,114.72024683867971,110.83205621487376,111.35970612518553,627194.0
2023-06-15,111.35970612518553,114.29187775320693,110.74104454898337,113.66043442455921,517508.0
2023-06-16,113.66043442455921,114.32646842647094,112.37144848264244,113.0338105576972,275937.0
2023-06-19,113.0338105576972,113.83339989519828,112.41589774854393,113.21449932932069,371048.0
2023-06-20,113.21449932932069,115.29161110291503,113.05095155021368,115.12530300865478,711574.0
2023-06-21,115.12530300865478,115.84192772963729,112.14901271758278,112.85148351044624,124284.0
2023-06-22,112.85148351044624,113.09486998795569,110.87267217932585,111.11230778142553,292683.0
2023-06-23,111.11230778142553,112.50215599673058,107.55668082350032,108.91909524145814,903107.0
2023-06-26,108.91909524145814,109.84708204592525,106.9414846961262,107.86045189707896,189241.0
2023-06-27,107.86045189707896,108.93722606323915,107.41119331024076,108.48536460024955,473271.0
2023-06-28,108.48536460024955,109.53479705340693,108.1828374917095,109.23019288361759,286286.0
2023-06-29,109.23019288361759,109.86102969145449,109.00715104098505,109.63715685154092,194185.0
2023-06-30,109.63715685154092,109.65830647469976,107.70783537234064,107.72861682741255,480460.0
2023-07-03,107.72861682741255,107.89653683251515,104.50018455387591,104.66332659406277,569297.0
2023-07-04,104.66332659406277,105.30960739986232,104.1141897222308,104.7599635033466,258524.0
2023-07-05,104.7599635033466,105.11406124470065,103.81185095209732,104.16393406236737,170014.0
2023-07-06,104.16393406236737,105.24532785281946,103.71482190700935,104.79350126194696,221222.0
2023-07-07,104.79350126194696,106.00276243653764,104.54258604019566,105.74955805373123,686389.0
2023-07-10,105.74955805373123,106.77270206864645,104.93759070261422,105.95912561372135,874253.0
2023-07-11,105.95912561372135,107.21271449969821,105.75266865194823,107.00422121249453,262262.0
2023-07-12,107.00422121249453,107.39426754958488,106.94935309470706,107.33922765191278,388357.0
2023-07-13,107.33922765191278,108.16387032996455,107.26009583695833,108.08418931999392,409433.0
2023-07-14,108.08418931999392,108.94252699728163,106.30341592276042,107.15436954740434,424682.0
2023-07-17,107.15436954740434,107.48773078004562,106.60493640240598,106.93762332949464,319870.0
2023-07-18,106.93762332949464,108.33320814415737,105.83600638096489,107.22859376633413,149743.0
2023-07-19,107.22859376633413,108.49078633220142,107.10773027987695,108.3686378368093,572640.0
2023-07-20,108.3686378368093,109.06058049999245,107.16938251705245,107.85806513153062,421632.0
2023-07-21,107.85806513153062,108.63241822702346,107.82035817792608,108.59445383347148,408032.0
2023-07-24,108.59445383347148,109.17882513206902,107.67456821399395,108.25712426595166,338326.0
2023-07-25,108.25712426595166,108.66403889712366,107.71625698670887,108.12266621976836,936405.0
2023-07-26,108.12266621976836,109.50154211607183,107.90802472488983,109.28459400108632,649436.0
2023-07-27,109.28459400108632,109.58817681604833,106.30385527477411,106.59998047378254,476822.0
2023-07-28,106.59998047378254,106.93159579727515,104.57157033534723,104.89789073254016,284851.0
2023-07-31,104.89789073254016,105.41577431760928,102.47331970902154,102.98174322455039,821011.0
2023-08-01,102.98174322455039,103.57775405813517,99.44300504753926,100.02188559025235,899528.0
2023-08-02,100.02188559025235,100.74019364009261,98.48205654371665,99.1944221576482,129086.0
2023-08-03,99.1944221576482,100.42442243835076,98.93184787263647,100.15929407269908,936699.0
2023-08-04,100.15929407269908,100.84209435930384,99.14369538122945,99.82421136088315,729478.0
2023-08-07,99.82421136088315,101.0384177845643,98.88546526187666,100.09710539223198,189847.0
2023-08-08,100.09710539223198,101.66570057213163,99.93799776571726,101.5043560745795,777841.0
2023-08-09,101.5043560745795,103.6886583968508,101.06433202329758,103.24110549120323,196662.0
2023-08-10,103.24110549120323,103.30265053973288,103.11427248348696,103.17577858873561,145775.0
2023-08-11,103.17577858873561,105.27531522197437,102.88097999816287,104.97537474231746,203793.0
2023-08-14,104.97537474231746,105.20964964059895,104.88816233369222,105.12231515546398,513848.0
2023-08-15,105.12231515546398,106.1116080601365,103.06470668628663,104.04385029359824,657612.0
2023-08-16,104.04385029359824,104.13214179905135,103.20453988138804,103.2921935316781,466592.0
2023-08-17,103.2921935316781,103.50590111222375,101.19767538250827,101.40748357054368,209772.0
2023-08-18,101.40748357054368,101.52525281183485,100.18650809237191,100.30299463914305,279251.0
2023-08-21,100.30299463914305,100.34096598672328,99.83755570225597,99.87536516366812,867144.0
2023-08-22,99.87536516366812,100.91872178705032,99.87236057288999,100.91568589988509,966361.0
2023-08-23,100.91568589988509,103.38317633052617,100.68947124676956,103.15194882497482,778844.0
2023-08-24,103.15194882497482,103.75296754133541,100.80458082051814,101.39536473348556,193072.0
2023-08-25,101.39536473348556,102.76222915737588,100.56017415725185,101.9226949777464,837827.0
2023-08-28,101.9226949777464,102.08048154358347,100.46343269022596,100.61920131699296,722789.0
2023-08-29,100.61920131699296,101.54532212262428,100.32260263293384,101.24687322846088,573454.0
2023-08-30,101.24687322846088,101.82948039378411,100.52208353669175,101.10386780266916,228914.0
2023-08-31,101.10386780266916,101.14829119540975,98.77847851936552,98.8218992522936,997009.0
2023-09-01,98.8218992522936,100.47844235851748,98.35729329846001,100.008258797773,498345.0
2023-09-04,100.008258797773,100.44127887628088,98.84266358060513,99.27249792992838,139757.0
2023-09-05,99.27249792992838,99.37753306373263,98.52610603774693,98.63046186615168,288971.0
2023-09-06,98.63046186615168,99.06758909428943,96.90187023411455,97.33324825068725,461138.0
2023-09-07,97.33324825068725,97.57208784028559,96.32026098416411,96.55719627138299,156094.0
2023-09-08,96.55719627138299,97.6850123179531,95.97770523656041,97.10225012537038,391543.0
2023-09-11,97.10225012537038,97.24273725154494,96.7538907483824,96.89407669010834,521563.0
2023-09-12,96.89407669010834,97.4923728874047,96.72175139077093,97.31929134738056,953780.0
2023-09-13,97.31929134738056,97.9515448614689,97.15587218173089,97.78733974600672,177737.0
2023-09-14,97.78733974600672,100.9089515775985,96.35446460656047,99.45168877858066,619174.0
2023-09-15,99.45168877858066,99.64208194404428,98.85707483445056,99.04669266373585,924185.0
2023-09-18,99.04669266373585,100.85350878278325,95.47002420478977,97.24395466159969,825571.0
2023-09-19,97.24395466159969,99.43329839160764,96.4059726743464,98.58377078405582,932447.0
2023-09-20,98.58377078405582,98.80645604506883,97.97447546822,98.19628546072096,253307.0
2023-09-21,98.19628546072096,99.8464822872815,97.96182742513037,99.6086520193573,821208.0
2023-09-22,99.6086520193573,100.696650790708,99.02971220006607,100.1147693446913,980770.0
2023-09-25,100.1147693446913,100.47122900305428,99.61734291462824,99.97329886590717,393429.0
2023-09-26,99.97329886590717,101.12574367241648,99.28821134659368,100.43747528903377,548775.0
2023-09-27,100.43747528903377,103.21055937272816,100.19440146713887,102.96137732765412,577757.0
2023-09-28,102.96137732765412,106.90191319497175,101.8067065046482,105.716346490489,544304.0
2023-09-29,105.716346490489,105.83500717633946,105.71533169117099,105.83399124771815,360803.0
2023-10-02,105.83399124771815,106.28946304195213,105.61807076185411,106.07305482315135,973796.0
2023-10-03,106.07305482315135,108.41618309346605,105.21552078958089,107.5467352788933,960847.0
2023-10-04,107.5467352788933,107.61719297179135,106.36258999402338,106.43231759224285,442659.0
2023-10-05,106.43231759224285,107.44110726964172,105.89890862779507,106.90532771096738,824762.0
2023-10-06,106.90532771096738,106.96397995687873,106.83730050600934,106.8959476056454,457772.0
2023-10-09,106.8959476056454,107.36421295450856,106.87691438869552,107.34509976436352,815329.0
2023-10-10,107.34509976436352,108.07759140840433,105.52421102472718,106.24922473729272,626277.0
2023-10-11,106.24922473729272,106.38513453350721,104.03412384809747,104.16737061905548,523152.0
2023-10-12,104.16737061905548,104.5539316136853,101.12951621427437,101.50620171630212,215247.0
2023-10-13,101.50620171630212,101.9753419410976,99.64837840799599,100.11107063158924,689131.0
2023-10-16,100.11107063158924,100.12839579049552,99.54069259919487,99.5579220305522,388977.0
2023-10-17,99.5579220305522,99.69869481627323,99.07417924354316,99.21446639028875,295172.0
2023-10-18,99.21446639028875,101.74396563117065,99.1617924723537,101.68997744052264,273887.0
2023-10-19,101.68997744052264,103.25648495648315,101.5765310754316,103.14141934815196,983689.0
2023-10-20,103.14141934815196,103.45951480830246,101.60869374791744,101.92303161379152,192955.0
2023-10-23,101.92303161379152,102.90671067332262,101.4135631083547,102.39488358694737,818673.0
2023-10-24,102.39488358694737,102.92814980888666,101.36466825917829,101.8953328517795,879530.0
2023-10-25,101.8953328517795,102.45814113351892,100.99417875805642,101.55510784231325,127947.0
2023-10-26,101.55510784231325,102.02665743201479,101.34573326469268,101.81674344436517,630398.0
2023-10-27,101.81674344436517,103.3656516588946,101.09545220514961,102.63853864948847,619664.0
2023-10-30,102.63853864948847,102.86630008911422,101.99826398247119,102.22510799319839,422805.0
2023-10-31,102.22510799319839,103.86924584557264,101.988267850886,103.6291527435421,700042.0
2023-11-01,103.6291527435421,104.42228636954772,101.39124012064826,102.17323073650616,467802.0
2023-11-02,102.17323073650616,102.32299461689126,102.0559962951868,102.20572289379194,495722.0
2023-11-03,102.20572289379194,106.0196601065152,101.82981888524148,105.63115763855244,488367.0
2023-11-06,105.63115763855244,106.15201805722792,105.43342326706282,105.95367994582723,820606.0
2023-11-07,105.95367994582723,108.25091755764228,105.61887612651651,107.90993216243925,669834.0
2023-11-08,107.90993216243925,108.81888224941643,107.15225924687533,108.06015457042564,441142.0
2023-11-09,108.06015457042564,109.05988010317385,107.88129331883611,108.87966240158707,934092.0
2023-11-10,108.87966240158707,109.04440808782302,108.66303884046386,108.827705911397,821852.0
2023-11-13,108.827705911397,109.09041063845001,108.35796579367805,108.62016953813813,939501.0
2023-11-14,108.62016953813813,109.09296902757588,107.11600163018387,107.5842921753775,757450.0
2023-11-15,107.5842921753775,108.9951286424683,106.78855866955767,108.19487900895118,452342.0
2023-11-16,108.19487900895118,109.16558726372503,106.10523999750856,107.06581849036047,795647.0
2023-11-17,107.06581849036047,108.7030635254742,106.36196358575873,107.99311255320731,396336.0
2023-11-20,107.99311255320731,109.56603196390434,107.9338598740687,109.50594923528946,343835.0
2023-11-21,109.50594923528946,110.23306345874745,109.31282445395634,110.03899859113587,505941.0
2023-11-22,110.03899859113587,110.46090069567543,109.2484943700036,109.66897777240901,972373.0
2023-11-23,109.66897777240901,110.39112774594474,109.60253046326785,110.32428339384674,611140.0
2023-11-24,110.32428339384674,110.39641572047134,109.85037419355058,109.92224365817745,445323.0
2023-11-27,109.92224365817745,111.71024579539204,109.46949969579605,111.25202477620721,515636.0
2023-11-28,111.25202477620721,111.2850013482296,108.70808945155449,108.74032152150201,362094.0
2023-11-29,108.74032152150201,109.13683600121553,107.91235924438021,108.30729472014708,692878.0
2023-11-30,108.30729472014708,108.53174700262231,105.43073683053716,105.6496815676568,415382.0
2023-12-01,105.6496815676568,105.98454371540682,103.37428572290129,103.7029776917046,598959.0
2023-12-04,103.7029776917046,105.52701007865154,103.70142562565194,105.52543073693555,432836.0
2023-12-05,105.52543073693555,106.92930809882881,105.34592671518537,106.74772489374456,388643.0
2023-12-06,106.74772489374456,107.1053720667626,105.45515741785833,105.8096617075316,973212.0
2023-12-07,105.8096617075316,106.00797094944735,103.65563477732064,103.85027171618269,411157.0
